Symbol,Name,Open,Last,"Prev Open",Previous,"Open 2D Ago","Last 2D Ago","1M MA","1M High","1M Low",Volume,"Prev Vol","5D Avg Vol","1M Avg Vol"
A,"Agilent Technologies",105.32,106.77,105.92,104.83,105.89,105.61,102.82,107.62,95.44,1064600,893900,880920,946495
AAL,"American Airlines Gp",12.6,13.15,12.69,12.74,12.75,12.8,12.61,13.68,11.22,90420398,37503500,51590098,57357434
AAP,"Advance Auto Parts Inc",153.84,152.93,155.99,154.38,154.68,153.02,154.03,160.77,142.46,621800,884400,640280,690536
AAPL,"Apple Inc",117.45,115.75,116.67,116.87,116.2,117.51,115.98,125.39,105,101578008,89945906,110396141,135291719
ABBV,"Abbvie Inc",83.02,84.31,83.58,82.89,84.19,84.25,86.35,89.27,82.56,8080000,9776800,8088080,7289118
ABC,"Amerisourcebergen Corp",97.9,98.72,97.75,97.73,98.17,97.99,96.98,100.71,92,619300,829400,780500,808232
ABMD,"Abiomed Inc",273.05,278.5,277.78,272.6,283.35,277.53,272.69,291.33,255.4,292200,245300,233900,292382
ABT,"Abbott Laboratories",106.42,109.48,108.01,105.93,108.35,108.36,107.15,111.57,100.34,4953400,5716000,4627020,4900859
ACN,"Accenture Plc",233.1,228.14,229.9,233.1,226.7,230.39,225.81,239.35,210.42,1661200,1701700,1769500,2075768
ADBE,"Adobe Systems Inc",496.72,483.6,492.05,495.96,495.25,494.58,491.86,519.6,460.27,2613400,1369700,1962040,2293773
ADI,"Analog Devices",124.56,124.75,124.08,124.76,122.96,123.62,119.67,126.49,110.66,2070200,3992700,2717020,2934136
ADM,"Archer Daniels Midland",50.88,51.68,50.77,50.81,50.83,50.87,48.25,51.78,44.58,2309400,2710900,2856680,2648582
ADP,"Automatic Data Procs",147.06,148.85,146.92,146.85,146.43,146.62,142.75,152.15,127.31,1494400,1174500,1441860,2039827
ADSK,"Autodesk Inc",254.52,252.76,257.39,254.01,261.41,257.34,238.95,268.44,215.83,1033200,872800,1648360,1408368
AEE,"Ameren Corp",82.17,83.03,82.27,82.29,82.19,82.14,80.49,83.4,75.28,535400,868000,813740,923836
AEP,"American Electric Power Company",90.17,92.2,90.41,90.4,91.9,90.68,86.82,92.7,78.58,3507900,2604400,2791100,2735905
AES,"The Aes Corp",20.2,20.41,19.97,20.21,20.17,20,18.99,20.45,17.42,4140900,5450700,5224800,5240327
AFL,"Aflac Inc",36.67,37.51,36.74,36.65,36.93,36.91,36.94,38.72,34.92,2311800,2760300,2826100,2928977
AIG,"American International Group",31.54,32.01,30.58,31.67,30.45,30.65,29.13,32.15,25.57,5410600,6869500,5616280,5934373
AIV,"Apartment Investment and Management",34.04,34.07,33.5,33.99,33.42,33.72,34.94,37.2,32.91,1506500,3019500,1392720,1232941
AIZ,"Assurant Inc",122.42,124.59,122.34,122.94,122.8,122.6,122.52,127.47,116.4,236300,298200,246360,322077
AJG,"Arthur J. Gallagher & Company",107.38,107.76,107.67,107.62,108.04,107.52,106.49,110.56,101.36,418800,518300,571600,695177
AKAM,"Akamai Technologies",109.01,108,109.76,109.02,110.09,109.3,110.55,115.84,106.11,1487900,1134500,1314180,1211273
ALB,"Albemarle Corp",95.58,94.96,95.27,95.87,93.49,93.56,91.49,99.13,79.06,667600,793400,699780,1298050
ALGN,"Align Technology",424.32,453.23,334.2,335.81,330.14,334.6,330.9,459,297.44,5114300,892600,1556320,786450
ALK,"Alaska Air Group",39.15,40.59,39.69,39.69,40.33,39.93,37.94,41.32,34.83,2663200,1722400,2134960,2306050
ALL,"Allstate Corp",90.85,91.69,90.92,90.76,92.25,91.08,92.25,95.15,88.78,1479900,2483800,2086580,1940646
ALLE,"Allegion Plc",105,101.97,105.16,103.9,105.08,105.3,101.63,108.09,94.01,1536900,1155300,844960,766718
ALXN,"Alexion Pharm Inc",118.37,119.67,123.72,118.19,122.05,124,118.68,128.57,109.93,1333000,2055100,2181620,2345550
AMAT,"Applied Materials",61.73,61.7,62.4,62.11,62.67,62.26,61.21,65.42,56.65,6013100,6188800,5856040,6633045
AMCR,"Amcor Plc",10.99,11.04,11.19,11.08,11.28,11.19,11.12,11.59,10.44,3619600,4102800,4205160,5531250
AMD,"Adv Micro Devices",79.65,79.42,81.72,79.2,82.16,81.56,82.17,88.72,73.9,37440598,36426398,36049938,47114922
AME,"Amtek Inc",107.58,107.01,108.64,107.15,108.23,108.7,103.96,110.82,94.9,1198400,1087900,999520,919527
AMGN,"Amgen Inc",228.1,227.98,229.46,228.97,231.06,231.1,242.1,258.51,226.16,2172700,1978600,2182340,2602054
AMT,"American Tower Corp",241.33,235.77,243.36,241.74,241.68,243.8,241.09,247.78,234.97,1836600,1100500,1429580,2068518
AMZN,"Amazon.com Inc",3189.87,3176.4,3212.5,3184.94,3222.28,3217.01,3206.72,3496.24,2965,4196500,4592700,4999340,5018937
ANET,"Arista Networks Inc",214.82,213.97,218.19,214.31,223.32,221.98,214.16,233.28,196.32,533400,885000,554400,612218
ANSS,"Ansys Inc",327.38,326.78,332.01,327.86,337.9,331.96,329.86,357.92,298.76,370200,390700,509140,430050
ANTM,"Anthem Inc",297.02,305.17,290.5,296.16,293.18,291.19,281.57,306.3,244.1,1176600,898300,922640,1047636
AON,"AON Plc",206.51,207.47,206.44,206.44,210.66,206.36,206.7,216.49,192.19,767300,863600,1115380,1273332
AOS,"Smith [A.O.] Corp",55.04,54.91,55.29,54.81,55.41,55.13,54.5,58.05,51.74,1118800,1682400,1075360,1269600
APA,"Apache Corp",9.1,9.44,9.41,9.1,9.22,9.61,9.67,12.45,8.75,26445701,11784100,14449600,13572209
APD,"Air Products and Chemicals",292.54,292.25,294.04,293.26,295.51,294.49,295.92,306.82,284.23,547400,429700,766800,878364
APH,"Amphenol Corp",115.12,118.51,114.86,114.94,114.62,114.6,111.41,119.35,102.42,1647300,2168200,1945860,1448364
APTV,"Aptiv Plc",100.19,100.15,100.91,99.41,100.12,100.19,94.9,102.18,82.12,2352600,1858600,1854860,1656164
ARE,"Alexandria Real Estate Equities",159.8,160.16,160,160.08,159.62,160.02,162.04,168.09,155.6,488700,619900,698660,782686
ASML,"Asml Hld NY Reg",381.1,375.5,385.65,383,386.82,384.96,379.4,409.11,351.09,613800,359300,463500,688409
ATO,"Atmos Energy Corp",95.56,96.64,94.28,95.54,94.41,94.28,95.34,97.87,92.51,808400,1079400,805220,875582
ATVI,"Activision Blizzard",82.21,80.77,80.99,81.94,80.5,80.14,80.32,83.54,77.35,4339600,5305000,4431520,5322859
AVB,"Avalonbay Communities",146.32,146.48,145.09,145.97,146.82,145.55,152.33,162.33,144.27,521600,948000,1018680,1045432
AVGO,"Broadcom Ltd",371.08,373.37,375.77,372.05,377.01,376.99,369.55,387.8,348.28,1354500,1189600,1276720,1602755
AVY,"Avery Dennison Corp",138.59,140.87,134.49,142.56,135.41,134.34,128.85,145.45,115.77,736200,1400800,765200,622441
AWK,"American Water Works",153.05,153.61,153.42,152.25,155.29,153.15,150.88,160,138.04,455500,818300,858880,773068
AXP,"American Express Company",101.7,104.79,103.17,101.43,102.94,103.14,102.09,107.21,93.71,3709200,2588300,2968700,3539123
AZO,Autozone,1176.47,1175.55,1179.77,1178.12,1177.59,1178.62,1161.73,1206.44,1108.62,151400,149800,180640,203045
BA,"Boeing Company",164.7,169.07,166.44,163.86,168.29,167.24,163.93,175.56,145.02,14183000,11450600,17250740,22807469
BAC,"Bank of America Corp",24.05,24.87,24.22,24.05,23.89,24.14,24.28,25.83,22.95,55121301,41564898,53779641,55957129
BAX,"Baxter International Inc",81.87,81.45,81.32,81.74,81.51,81.14,80.09,82.61,77.72,1925700,2788100,2462600,2535900
BBY,"Best Buy Company",118.98,117.46,121.45,118.69,121.29,120.89,114.58,123.67,104.11,1977300,1772100,1918100,1987445
BDX,"Becton Dickinson and Company",235.62,241.09,238.22,236.4,237.92,236.26,233.28,241.42,219.5,1096000,1174400,1055500,1173364
BF.B,"Brown Forman Inc Cl B",75.06,75.18,74.28,74.74,74.9,74.47,76.07,79.32,73.66,709000,713400,745280,814009
BIDU,"Baidu Inc",134.51,132.86,132.63,134.84,130.01,130.08,127.46,138.98,120.79,2297800,3687000,2584060,3095205
BIIB,"Biogen Inc",268.75,266.8,264.99,268.91,270.45,267.12,279.8,293.34,260.3,1280200,1848800,1267240,999986
BIO,"Bio-Rad Laboratories",560,579.04,565.28,559.43,553.96,562.58,539.49,584.38,490.73,130400,155400,135300,131327
BK,"Bank of New York Mellon Corp",36.81,37.56,36.93,36.91,37.38,37.1,35.83,38.75,32.65,3810500,4221400,4522360,5109164
BKNG,"Booking Holdings Inc",1714.19,1792.02,1660,1702.03,1673,1671.71,1718.82,1866,1601.01,475000,284500,357240,320200
BKR,"Baker Hughes A Ge CO Cl A",14.17,14.46,13.4,14.04,13.34,13.63,13.25,14.52,12.13,7498100,10954400,8727200,6668273
BLL,"Ball Corp",92.11,91.13,91.81,92.78,91.94,91.39,86.75,93.49,78.58,2006500,1297500,1377500,1447468
BMRN,"Biomarin Pharmaceuticals",77.56,79.17,77.59,77.5,77.68,77.91,77.7,80.51,73.8,1493500,1145800,1384360,1451859
BMY,"Bristol-Myers Squibb Company",59.98,60.76,60.39,60.03,61.09,60.64,60.17,62.42,57.61,7034300,8004800,8411780,10218332
BR,"Broadridge Financial Solutions Llc",144,144.78,143.84,144.51,142.3,143.49,137.6,145.23,126.77,281400,374700,349040,432609
BRK.B,"Berkshire Hathaway Cl B",209.63,211.61,208.97,210.18,209.63,210.06,211.8,217.43,206.58,2949600,3196300,3415860,4063050
BSX,"Boston Scientific Corp",37.19,36.86,37.51,37.15,37.98,37.54,38.8,42.13,36.74,15047900,11643900,12917761,8765973
BWA,"Borgwarner Inc",39.19,40.19,39.31,39.62,39.44,39.29,39.06,42.24,36.34,4009700,3405100,3184920,3579196
BXP,"Boston Properties",76.08,77.22,75.68,76.05,77.2,76.14,80.53,86.34,74.9,622200,868600,901540,1064409
C,"Citigroup Inc",42.89,43.95,43.46,43.01,43.37,43.52,43.57,46.12,41.29,21279400,19816299,22230420,25866473
CAG,"Conagra Brands Inc",37.11,37.65,37.09,37.09,37.72,37.12,36.71,38.42,33.65,2741600,2500600,2528000,2733568
CAH,"Cardinal Health",47.9,48.77,47.47,47.83,48.23,47.71,47.47,49.35,44.65,1396500,1294400,1489060,1876845
CAR,"Avis Budget Group",37.81,38.12,36.07,37.39,33.5,36.24,30.34,38.67,25.54,2051400,2751000,2919080,2185032
CARR,"Carrier Global Corp [Carr/I]",33.15,33.89,33.06,33.35,32.45,33.23,31.79,34.13,28.79,3987600,2910100,4018920,3792418
CAT,"Caterpillar Inc",167.98,169.66,169.81,167.4,168.2,168.99,156.7,171.26,142.73,2356700,2502000,3239220,2887532
CB,"Chubb Ltd",127.53,127.63,119.27,128.22,118.47,119.3,118.67,128.58,111.93,2173900,3800300,2264300,1742509
CBOE,"CBOE Global Markets Inc",80.44,80.74,81.28,80.1,82.02,81.73,85.6,91.65,79.9,1279900,1045100,1164940,929659
CBRE,"CBRE Group Inc",46.86,46.73,47.52,47.05,48.03,47.9,47.99,51.58,44.59,1196600,1102800,1181120,1375986
CCI,"Crown Castle International Corp",162.64,156.25,162.92,163.79,164.67,164.46,164.61,169.31,154.61,3376900,1434300,2246160,1820095
CCL,"Carnival Corp",14.52,15.19,14.6,14.48,14.42,14.61,14.81,16.17,13.4,32463201,17538900,29028240,33498059
CDNS,"Cadence Design Sys",111.67,109.32,112.61,111.23,115.35,112.61,109.43,118.22,98.47,1589300,1445000,1623920,1436064
CDW,"CDW Corp",128.52,129.44,129.75,128.84,130.72,129.32,123.95,132.25,108.01,337700,468800,421040,694509
CE,"Celanese Corp",116.91,118.07,116.76,116.2,118.68,117.36,113.19,121.76,103.3,472200,594300,593620,660468
CERN,"Cerner Corp",72.68,72.59,72.68,72.56,72.59,72.7,71.93,75.24,66.75,802800,1416600,1121900,1250836
CF,"Cf Industries Holdings",27.36,27.92,27.86,27.25,29.16,28.06,30.04,32.62,26.88,2551900,3455100,2253300,1980609
CFG,"Citizens Financial Group Inc/Ri",27.64,28.86,27.41,27.55,27.11,27.62,26.72,28.98,23.46,4310700,5051300,5596100,4591104
CHD,"Church & Dwight Company",92.02,90.99,92.37,92.19,93.22,92.24,92.54,96.31,89.39,943800,1183900,1547360,1344764
CHKP,"Check Point Software",122.6,121,123.76,124.46,126.78,123.75,122.82,128.87,116.96,2191300,1214300,1322220,892314
CHRW,"C.H. Robinson Ww",100.62,99.58,100.44,100.77,100.67,100.51,102.84,106.75,99,1144600,1251800,1339960,1144650
CHTR,"Charter Communicatio",605.03,599.91,604.31,605.33,622.74,608.26,625.55,663.7,596.43,1001800,727100,929680,953032
CI,"Cigna Corp",174.98,179.33,170.91,174.56,172.64,171.09,171.27,179.95,158.84,1418600,1902700,1752080,1620923
CINF,"Cincinnati Financial",81,76.74,79.82,84.29,78.81,79.82,78.82,84.59,74.01,1821800,652700,805520,714223
CL,"Colgate-Palmolive Company",79.38,79.29,79.52,80.2,80.07,79.83,78.33,80.99,74.96,2516300,3591600,2977420,2859705
CLX,"Clorox Company",209.07,209.76,210.01,211.35,214.4,210.61,213.04,223.36,206.05,1272100,1121400,1121020,1107918
CMA,"Comerica Inc",42.55,45.12,43.16,42.41,42.75,43.21,40.62,45.24,35.76,1371000,1657800,1717140,1392191
CMCSA,"Comcast Corp A",44.5,45.11,44,44.52,44.63,44.27,45.43,47.07,43.97,15954200,13198900,14634580,16360195
CME,"CME Group Inc",164.98,163.48,163.16,164.59,163.9,163.12,166.96,172.4,161.65,1440500,2142100,1565980,1444505
CMG,"Chipotle Mexican Grill",1292.21,1300.29,1344.08,1366.66,1345,1348.47,1286.13,1366.66,1214,1297700,792200,607620,358505
CMI,"Cummins Inc",222.75,223.59,223.16,222.25,222.87,222.27,216.81,227.15,199.7,862400,835200,891080,900173
CMS,"Cms Energy Corp",65.37,65.75,65.01,65.18,65.03,65.01,63.13,65.96,58.63,1616400,1419000,1368720,1311646
CNC,"Centene Corp",66.02,66.94,65.37,65.98,65.92,65.56,61.97,67.31,53.6,1703600,2135300,1933580,3057945
CNP,"Centerpoint Energy Inc",21.55,22.07,21.25,21.53,20.92,21.34,20.38,22.14,18.6,3892700,5477700,4182980,4268477
COF,"Capital One Financial Corp",74.71,76.75,76.91,73.72,77.9,77.27,75.47,81.67,66.46,10442100,5700700,4859420,3048691
COG,"Cabot Oil & Gas Corp",19.22,20.17,19.3,19.18,19.15,19.27,18.54,20.33,16.41,7587000,5539100,4459560,4452614
COO,"Cooper Companies",349.28,353.18,348.45,348.79,351.28,347.46,345.41,364.05,326.75,112500,149000,144280,177523
COP,Conocophillips,30.62,31.91,32.17,30.64,32.91,32.58,33.6,36,30.47,15027801,19210100,16696000,9459945
COST,"Costco Wholesale",377.35,375.75,378.56,377.82,377.69,378.31,364.55,384.87,335.36,1812800,1466400,1792040,2587086
CPB,"Campbell Soup Company",47.69,47.91,47.38,47.75,48.91,47.67,48.28,49.88,44.95,1486200,1664900,1699240,1934777
CPRT,"Copart Inc",114.74,114.09,115.1,114.6,115.8,114.98,111.05,118.56,101.22,1000700,612100,797600,984023
CRM,"Salesforce.com Inc",253.89,249.67,256.45,254.23,256.12,255.97,253.53,270.16,233.63,3685200,2794000,3161800,4423459
CSCO,"Cisco Systems Inc",38.85,38.82,39.31,39.06,39.44,39.2,39.18,40.61,37.6,20381199,17016199,18971539,21634041
CSX,"CSX Corp",82.16,81.73,79.2,78.72,79.3,80.13,78.6,84.81,75.38,7151400,4684200,4607900,3897868
CTAS,"Cintas Corp",340.29,338.5,341.73,338.69,343.41,343.66,337.76,358.68,313.33,337300,447200,354620,439818
CTLT,"Catalent Inc",92.43,93.4,93.54,92.41,91.23,93.16,89.46,96.38,79.65,665100,751800,783160,891809
CTSH,"Cognizant Tech Sol",72.73,73.38,73.03,72.89,73.05,73.35,71.26,75.32,65.58,2705300,2916200,2639660,3115468
CTVA,"Corteva Inc",32.94,33.13,33.1,32.9,33.74,33.07,31.19,34.54,27.18,2646200,3451400,3662700,4322014
CTXS,"Citrix Systems Inc",135.39,126.65,136.68,136.36,136.14,136.72,136.8,146.94,125.75,4540400,1217000,1846180,1165755
CVS,"CVS Corp",59.14,59.48,58.62,59.23,59.04,59.43,58.67,60.8,56.11,5721700,5385300,6500800,6295000
CVX,"Chevron Corp",70.88,73.4,71.13,70.87,71.9,71.68,72.61,76.09,68.82,9807300,9800500,9004780,11356264
CXO,"Concho Resources Inc",44.26,46.04,46.82,44.28,47.57,47.11,45.14,50.89,40.82,5684400,5736900,6996660,3353750
D,"Dominion Resources",80.2,81.18,81.2,80.23,81.47,81.08,79.94,82.99,75.3,2142200,3423900,2930300,3205250
DAL,"Delta Air Lines Inc",31.87,33.72,31.89,31.5,31.97,31.98,31.46,33.81,27.92,25675000,11292199,15388720,17269500
DD,"Du Pont De.Nemours Inc",58.91,59.48,59.16,58.66,58.68,59.48,57.21,60.21,53.49,2977100,4202000,3507040,4160282
DE,"Deere & Company",236.06,236.88,239.52,236.4,239.8,238.87,229.61,243.4,211.38,1246300,1506400,1255960,1297291
DFS,"Discover Financial Services",65.36,66.16,62.87,60.6,64.29,63,61.14,67.12,51.74,6868200,4483900,3614340,2788064
DG,"Dollar General Corp",218.88,214.32,217.83,219.86,218.07,217.78,214.9,224.82,202.58,1345100,1758500,1464540,1455364
DGX,"Quest Diagnostics Inc",122.56,126.34,124.75,122.83,120.79,123.32,116.59,127.12,108.28,1843500,1650900,1490820,968627
DHI,"D.R. Horton",73.38,70.59,76.31,73.11,75.97,76.52,75.61,81.21,70.27,3949600,2818600,2840320,2734532
DHR,"Danaher Corp",226.78,233.98,228.76,226.55,224.01,227.03,219.4,235.6,201.44,2743100,3762100,2750460,2118755
DIS,"Walt Disney Company",126.67,127.56,124.36,126.63,124.58,124.95,124.75,131.36,120.61,5176600,6591500,6161220,8814364
DISCA,"Discovery Comm A",21.09,21.17,20.11,20.72,20.48,20.25,21.45,23.05,20,2905100,3812400,3002120,3171486
DISCK,"Discovery Comm Inc",18.86,19.08,18.25,18.84,18.52,18.32,19.32,20.74,18.12,2336000,2863600,2406080,2301950
DISH,"Dish Network Corp",26.91,26.95,26.87,26.83,26.84,27.06,28.07,30.43,26.27,1542900,4114000,2186820,2345077
DLR,"Digital Realty Trust",154.79,152.3,154.62,154.87,155.77,155.6,151.72,159.58,138.71,1223500,1025100,1062380,1263559
DLTR,"Dollar Tree Inc",94.7,93.84,95.7,94.84,95.7,95.41,92.38,97.68,86.57,1631900,1169600,1547500,1793609
DOCU,"Docusign Inc",220,214.8,228.39,218.12,229.56,227.8,222.64,246.8,199.33,3454300,2909700,2807300,4103354
DOV,"Dover Corp",114.41,115.24,113.95,113.73,113.08,114.24,111.28,116.68,105.4,528400,687800,719180,671764
DOW,"Dow Inc",49.81,48.82,49.38,48.55,49.35,49.34,48.02,50.33,45.13,5244500,4092500,3499900,3994614
DPZ,"Domino's Pizza Inc",390,391.74,393.67,389.95,394.57,394.41,410.33,435.58,386.64,442400,523300,472880,859755
DRE,"Duke Realty Corp",38.56,38.67,38.71,38.53,38.7,38.74,38.27,40.62,35.37,878000,1473100,1378840,1576814
DRI,"Darden Restaurants",97.79,99.82,97.94,97.69,97.32,98.34,99.87,105.7,88.94,875100,873300,1077340,2054900
DTE,"Dte Energy Company",120.99,123.03,121.03,121.46,119.64,121.34,117.21,123.25,110.67,690900,1067000,1224440,1160550
DUK,"Duke Energy Corp",92.59,93.89,91.96,92.51,92.11,92.06,89.76,93.92,80.41,4162100,2233300,2746760,3808723
DVA,"Davita Healthcare Partners Inc",90.1,90.68,89.62,89.61,89.87,89.7,86.83,91.7,80.85,510600,639700,738200,984305
DVN,"Devon Energy Corp",8.64,9.34,8.88,8.63,8.92,8.97,9.41,10.59,8.43,10615200,13997301,10548240,12108127
DXC,"Dxc Technology Company",19.9,19.94,19.99,19.84,20.06,20.01,18.84,21.01,15.64,1170100,1125300,1453200,2337936
DXCM,Dexcom,386.5,395.8,393.89,387.84,397.44,392.43,394.34,420,373.41,464400,764000,765000,759364
EA,"Electronic Arts Inc",127.78,126.92,127.98,127.65,130.42,127.36,129.51,134.05,123.97,1791700,2200900,1924220,2101718
EBAY,"Ebay Inc",52.59,52.29,54.29,52.82,54.42,54.2,53.27,58.34,49.49,5162600,6557400,6203160,7082723
ECL,"Ecolab Inc",203.28,204.87,202.29,203.21,202.18,203.01,200.11,206.8,192.42,689700,1039800,936200,1047482
ED,"Consolidated Edison Company of New York",80.57,81.44,80.37,80.33,80,80.6,79.7,83.13,72.55,1509400,1486900,1953100,1585559
EFX,"Equifax Inc",158.15,155.9,160.14,162.35,159.49,159.71,159.57,166.61,150.53,2601800,798700,1013960,608673
EIX,"Edison International",59.03,59.89,59.5,59.05,58.86,59.75,54.62,60.08,48.47,1463000,2203100,1923180,2098164
EL,"Estee Lauder Companies",232.08,232.62,226.7,232.65,223.95,225.72,221.03,234.76,205.38,858100,1220800,866880,862964
EMN,"Eastman Chemical Company",85.84,86.1,86.08,85.35,86.49,86.64,82.18,88.04,74.84,662200,487600,550920,745682
EMR,"Emerson Electric Company",69.57,69.76,69.39,69.21,70.39,70,67.67,71.2,63.16,1556700,2525600,2406540,2121627
EOG,"Eog Resources",35.08,36.93,36.29,35.12,36.48,36.28,36.75,40.15,33.63,7237300,6314500,7662000,5589827
EQIX,"Equinix Inc",806.12,777.55,802.78,803.16,810.78,804.94,790.6,839.77,729.39,419500,307500,327140,354050
EQR,"Equity Residential",50.61,50.75,50.51,50.51,51.23,50.91,52.86,56.41,50.01,3158900,2626200,2363260,2570700
ES,"Eversource Energy",92.33,92.92,92.01,92.08,91.6,92.24,88.5,93.8,78.16,1038400,856000,1184980,1330777
ESS,"Essex Property Trust",200.47,202.52,198.69,199.93,200.91,199.85,206.33,218.32,198.08,311600,496200,388160,411223
ETN,"Eaton Corp",108.74,109.88,108.31,108.28,108.6,108.74,105.24,111.19,98.05,1199700,985600,1196580,1380795
ETR,"Entergy Corp",107.01,108.04,105.72,106.86,105.92,106.22,103.15,108.34,93.64,983200,1186500,1114160,1211600
ETSY,"Etsy Inc",133.9,135.94,144.62,133.01,147.54,144.79,135.91,154.88,109.52,3325200,5555000,3104580,3309491
EVRG,"Evergy Inc",55.75,56.58,55.26,55.89,54.92,55.52,52.64,56.71,48.61,1779100,2603600,1903160,1703091
EW,"Edwards Lifesciences Corp",79.74,79.38,84.44,83.61,84.49,84.43,81.08,86.98,74.07,6110000,2149700,2667860,2370773
EXC,"Exelon Corp",42.08,42.23,42.29,42.14,42.21,42.4,38.54,42.77,33.97,4844800,4990400,6142380,6063927
EXPD,"Expeditors Intl",94.16,94.27,93.86,93.78,93.31,93.73,91.71,95.29,87.75,736100,863800,950320,865577
EXPE,"Expedia Group Inc",93.05,101.04,92.56,92.7,92.92,92.96,93.32,102.11,87.9,4711300,1062700,2431800,2080854
EXR,"Extra Space Storage Inc",115.08,117.46,114.67,115.35,114.58,114.37,111.5,117.65,102.74,930700,1171000,1016420,1143209
F,"Ford Motor Company",7.93,8.21,7.77,7.85,7.62,7.74,7.22,8.22,6.41,73249805,51981000,55029582,57232738
FANG,"Diamondback Energy",27.77,29.17,28.21,27.71,28.39,28.45,29.95,32.43,27.51,3399900,3019900,3232600,2871950
FAST,"Fastenal Company",44.05,44.09,45.07,43.94,44.91,45.04,45.18,48.77,43.5,2586900,3432800,3178960,3420064
FB,"Facebook Inc",279.87,278.12,279.56,278.73,263.06,267.56,264.19,283.05,245.62,16693600,28998600,18933000,18790832
FBHS,"Fortune Brands Home & Security",86.53,85.27,87.46,85.91,87.62,87.63,86.99,90.94,81.27,684500,878200,736240,817814
FCX,"Freeport-Mcmoran Inc",17.55,18.35,17.74,17.72,17.4,17.61,16.48,18.4,14.67,21252600,21426699,17056061,18698209
FDX,"Fedex Corp",283.58,275.95,289.16,282.28,284,287.4,265.91,293.3,239.5,2962400,3219200,3311260,2754009
FE,"Firstenergy Corp",32.37,33.03,31.66,32.33,32.25,31.83,30.36,33.27,27.3,6097800,8604899,6262100,4769236
FFIV,"F5 Networks Inc",127.47,127.33,129.6,127.43,133.52,129.27,126.05,134.18,117.65,805100,831100,721240,641909
FIS,"Fidelity National Information Services",141.36,142.72,140.46,141.41,140.08,140.7,145.07,150.31,138.46,1745600,1897500,2564500,2618055
FISV,"Fiserv Inc",99.5,100.88,98.89,99.36,99.11,99.53,102.1,107.2,96.77,3174200,3908100,3331620,3832845
FITB,"Fifth Third Bncp",24.13,23.97,23.64,23.5,23.5,23.75,22.37,24.27,19.32,6583300,5598000,5389580,5570332
FLIR,"Flir Systems Inc",35.86,36.84,36.11,35.67,37.29,36.25,36.33,38.21,34.15,850600,793700,1011080,978368
FLS,"Flowserve Corp",29.25,30.55,29.08,29.21,29.13,29.07,28.27,30.6,25.87,824200,566800,731280,812173
FLT,"Fleetcor Technologies",249.29,256.84,242.49,248.28,243.46,242.83,242.88,257.8,229.44,741400,594300,554800,578064
FMC,"FMC Corp",107.32,107.49,107.57,106.74,108.29,107.16,106.46,111.08,101.42,537500,401000,479420,625545
FOX,"Fox Corp Cl B",26.74,27.41,26.09,26.75,26.54,26.18,27.67,30.04,25.61,1827900,803300,1127460,1083936
FOXA,"Fox Corp Cl A",26.84,27.46,25.9,26.57,26.4,26.05,27.53,30,25.57,3572000,2572400,3343300,3701286
FRC,"First Republic Bank",128.39,130.62,127.66,128.04,126.91,127.66,118.12,130.79,100.38,726000,989400,846320,834436
FRT,"Federal Realty Investment Trust",73.94,75.29,73.77,73.77,74.16,74.16,75.64,80.34,70.68,491100,478600,504780,486855
FTI,"Technipfmc Plc",7.31,6.86,7.22,7.21,7.22,7.28,6.7,7.4,5.96,12286400,5863400,7360240,6079650
FTNT,"Fortinet Inc",130.33,128.16,132.31,129.98,132.99,132.52,123.4,134.94,113.5,701900,1313300,1051760,1152086
FTV,"Fortive Corp",66.28,66.52,66.16,65.82,66.3,65.89,72.25,82.12,65.53,2255100,2056400,2009960,2994623
GD,"General Dynamics Corp",136.58,139.42,137.84,136.61,140.25,138.46,140.63,146.97,133.6,1282400,1007100,1466540,1238495
GE,"General Electric Company",7.33,7.72,7.28,7.32,7.35,7.34,6.64,7.75,6,95517500,73811102,113546578,99680961
GILD,"Gilead Sciences Inc",59.92,60.67,60.24,60.21,60.59,60.55,62.61,64.99,59.65,14877800,7493700,10706020,8740082
GIS,"General Mills",60.77,61.31,60.73,60.97,61.6,61.12,61.29,63.29,57.48,1836500,1551600,2161040,3361709
GL,"Globe Life Inc",84.08,86.48,83.46,84.13,83.25,83.45,81.45,86.99,75.39,814900,591100,531640,437695
GLW,"Corning Inc",35,35.47,34.87,35,34.9,34.84,33.66,35.83,30.16,2377200,3727500,2960800,3866191
GM,"General Motors Company",35.9,37.41,36.1,35.77,33.96,35.6,31.7,37.43,28.24,23175301,23277801,21519461,12903896
GOOG,"Alphabet Cl C",1593.05,1615.33,1573.33,1593.31,1527.05,1555.93,1508.25,1621.99,1407.7,1433200,2568300,1857220,1625095
GOOGL,"Alphabet Cl A",1585,1606.66,1569.85,1585.99,1523.11,1551.08,1503.81,1615.14,1402.15,1525200,3016000,1964800,1746345
GPC,"Genuine Parts Company",100.49,96.78,102.4,102.02,101.33,101.85,98.09,103.59,92.82,1412100,952300,996920,781073
GPN,"Global Payments Inc",174.55,175.92,174,174,172.82,174.3,177.12,184.93,170.5,1197700,1136200,1243620,1301055
GPS,"Gap Inc",18.61,21.15,19.21,18.61,19.31,19.03,18.59,21.65,15.76,47845301,9649000,15345660,9922332
GRMN,"Garmin Ltd",98.29,99.04,99.02,98.39,98.33,98.79,96.75,100.34,91.84,486500,428500,538380,545114
GS,"Goldman Sachs Group",203.2,205.4,207.39,202.91,206.7,208.03,203.02,214.89,185.87,2135400,3083500,3007460,3260314
GWW,"W.W. Grainger",371.36,362.02,375.58,373.44,377.96,375.84,368.63,392.52,337.25,597100,442500,406600,299073
HAL,"Halliburton Company",12.68,13.04,12.61,12.67,12.44,12.74,12.36,13.5,10.6,10765199,11946900,16075400,15673741
HAS,"Hasbro Inc",87.27,89.82,86.5,86.95,87.24,86.66,84.15,90,75.27,1167700,669400,746640,760105
HBAN,"Huntington Bcshs",9.89,10.38,9.82,9.69,9.71,9.88,9.49,10.48,8.52,10728800,9932100,7851020,7223468
HBI,"Hanesbrands Inc",17.28,17.62,17,17.26,17.02,17.11,16.59,17.7,15.19,3378700,3006500,3834580,4217241
HCA,"Hca Holdings Inc",135.78,135.21,135.59,135.98,134.33,136.42,128.99,140,114.38,1485200,1257200,1163280,1419032
HD,"Home Depot",283.93,281.16,285.39,284.51,285.14,286.04,280.3,292.65,263.88,2786600,2304400,2582100,2806223
HES,"Hess Corp",37.25,39.25,37.33,37.19,36.9,37.85,38.84,41.93,36.5,1867800,1831200,1923220,2179432
HFC,"Hollyfrontier Corp",19.02,19.93,19.42,19.15,19.7,19.6,20.15,21.85,18.38,2219300,2604400,2127540,2249927
HIG,"Hartford Financial Services Group",38.9,39.97,38.16,40.4,37.72,38.39,37.72,40.69,34.69,4053300,4293500,2759500,2380436
HII,"Huntington Ingalls Industries",149.94,152.23,147.7,149.52,147.68,147.7,145.99,152.88,136.44,233100,295100,269900,320123
HLT,"Hilton Inc",90.21,94.39,89.33,88.97,88.53,89.57,88.66,94.43,81.48,4377300,3418800,2706880,2407318
HOLX,"Hologic Inc",65.65,67.97,66.56,65.85,67.24,66.38,66.68,69.71,62.45,1537400,1211700,1429980,1462450
HON,"Honeywell International Inc",173.61,176.85,172.59,172.87,172.47,173.26,169.08,177.25,156.85,1881200,1826900,2204160,2362564
HPE,"Hewlett Packard Enterprise Comp",9.32,9.46,9.35,9.32,9.4,9.34,9.52,10.08,8.84,8137400,8303300,9841820,9425900
HPQ,"HP Inc",19.17,19.35,19.31,19.22,19.51,19.37,19.15,19.97,17.83,6148900,5817000,6105640,8463545
HRL,"Hormel Foods Corp",49.25,49.33,48.62,49.27,49.07,48.76,49.21,51.1,47.4,1000500,1265500,2152960,1631664
HSIC,"Henry Schein Inc",64.25,66.63,62.27,63.62,62.55,62.51,60.28,66.75,56.31,1324300,928400,941000,870600
HST,"Host Marriott Financial Trust",11.08,11.48,11.14,11.04,10.81,10.78,11.06,11.98,10.04,6363200,6090400,5596600,7676709
HSY,"Hershey Foods Corp",145.92,145.44,146.39,145.58,148.64,146.88,144.24,151.65,134,442500,688500,618420,654136
HUM,"Humana Inc",436.3,441.16,435.57,437.23,434.55,436.41,420.26,445.2,382.72,477900,878500,548400,561582
HWM,"Howmet Aerospace Inc",18.24,18.85,18.14,18.14,18.76,18.22,17.82,18.9,16.15,2287800,1314800,2083820,2044786
IBM,"International Business Machines",115,115.76,116.66,115.06,119.8,117.37,122.36,135.5,112.98,7855100,9755300,10260880,6241964
ICE,"Intercontinental Exchange",99.6,99.36,99.82,99.47,98.94,99.95,100.64,103.88,96.67,1973800,1848100,2213100,2439845
IDXX,"Idexx Laboratories",421.34,423.59,421.47,419.73,423.81,420.09,399.9,431.15,361.17,357400,237100,295300,330977
IEX,"Idex Corp",190.91,189.07,191.14,190.45,190.72,190.94,185.42,194.3,175.59,287700,303700,508600,360132
IFF,"International Flavors & Fragrances",110.19,111.85,112.5,110.45,114,113.6,117.11,124.98,108.51,1135000,1202000,1154880,1077877
ILMN,"Illumina Inc",318.84,325.92,320.51,317.85,320.95,320.44,317.77,356,267.1,818700,553100,925160,1596027
INCY,"Incyte Corp",88.92,90.49,89.1,88.6,88.62,89.31,90.53,98.47,82.98,660600,678800,876660,1102723
INFO,"IHS Markit Ltd",81.84,82.26,81.27,81.86,81.48,81.42,79.18,82.47,76.04,1168800,1428300,1528800,1914218
INTC,"Intel Corp",53.12,53.9,53.14,53.5,54.6,53.43,52.37,56.23,48.42,40367098,21866000,31283299,25915768
INTU,"Intuit Inc",332.94,331.82,335.69,332.79,338.35,334.51,331.52,353.98,301.94,803300,816800,872800,1085227
IP,"International Paper Company",46.33,46.59,46.29,46.48,47.21,46.4,42.84,47.31,38.38,1754900,2366300,3020480,3134527
IPG,"Interpublic Group of Companies",19.32,19.15,18.15,18.7,18.03,18,17.64,19.5,15.92,6172500,6488500,5027980,4000136
IPGP,"Ipg Photonics Corp",192.19,198.08,192.39,191.7,188.59,192.52,177.58,200.43,158.98,297900,272300,315000,204377
IQV,"Iqvia Holdings Inc",169.87,169.4,173.9,169.25,172.16,173.5,161.47,176,146,946100,918400,1286440,945809
IR,"Ingersoll Rand Inc",37.17,37.93,37.28,37.26,36.94,37.24,36.58,38.1,34.2,1382200,1648900,1732940,2118077
IRM,"Iron Mountain Inc",27.46,27.65,27.31,27.38,27.5,27.49,27.28,28.69,25.97,1585100,1498300,1504840,2193491
ISRG,"Intuitive Surg Inc",729.62,732.94,730.8,728.48,736.12,733,716.62,771.62,647.54,311600,612800,586780,551259
IT,"Gartner Inc",127.47,127.52,125.36,127.88,125.18,125.44,126.09,131.71,121.16,216000,371100,390600,440332
ITW,"Illinois Tool Works Inc",203.44,201.72,203.72,202.65,203.21,203.44,198.74,207.75,188.14,1203000,666400,925640,901323
J,"Jacobs Engineering Group Inc",97.56,98.53,97.82,97.66,98.83,97.96,95.93,101.45,88.15,388800,491100,641220,690914
JBHT,"J B Hunt Transport",125.08,127.47,122.87,125.16,124.63,123.06,130.82,142.6,121.74,1150000,1182900,1690780,967364
JBLU,"Jetblue Airways Cp",12.08,13,12.31,11.93,12.49,12.3,12.01,13.11,10.93,17265500,8922400,10002680,8623123
JCI,"Johnson Controls Intl",43.77,44.48,43.45,43.72,42.84,43.1,42.15,44.51,39.79,5164300,4760900,4235740,4222723
JD,"Jd.com Inc Ads",83.22,81.31,83.38,82.63,81,82.57,78.71,85.39,71.76,8744899,7680200,8792340,10202132
JKHY,"Jack Henry & Assoc",159.05,157.81,159.54,158.99,158.01,159.25,161.55,166.49,156.69,371000,283400,305060,396850
JNJ,"Johnson & Johnson",144.16,145.08,144.12,143.93,144.66,144.55,147.05,153.14,143.34,5278600,5221300,5835100,6334055
JNPR,"Juniper Networks",21.95,22.42,22,21.85,22.31,21.94,22,22.93,21.01,5018400,1759400,2487060,2851932
JPM,"JP Morgan Chase & Company",99.32,102.88,100.36,99.37,100.31,100.37,98.65,103.24,91.38,14795300,10730500,12356939,15609731
K,"Kellogg Company",66.03,66.36,65.92,65.97,67.3,66.25,65.15,67.87,60.84,1497900,1122600,1364260,1536864
KEX,"Kirby Corp",38.4,38.89,40.15,38.02,39.78,40.18,37.82,40.51,35.1,394000,763700,493960,740532
KEY,Keycorp,12.48,13.08,12.5,12.42,13,13.08,12.54,13.41,11.33,8289600,13325800,7963260,7185445
KEYS,"Keysight Technologies Inc Comm",106.21,106.26,106.09,105.7,107,105.45,102,107.97,95.48,916500,913500,915900,1052986
KHC,"Kraft Heinz Company",31.43,31.23,31.75,31.44,32.03,31.99,30.86,32.87,28.56,5342100,6503600,4600920,5314964
KIM,"Kimco Realty Corp",11.04,11.46,11.05,11.06,11.03,11.1,11.37,12.32,10.59,3928700,3221100,4260500,4390945
KLAC,"K L A-Tencor Corp",205.3,203.31,205.76,206.3,208.84,205.72,201.77,223.54,178.08,884800,607000,863880,1045964
KMB,"Kimberly-Clark Corp",140.75,138.09,147.8,148.38,152.29,148.52,149.15,155.45,136.04,6301200,2179100,2521520,1591959
KMI,"Kinder Morgan",12.5,12.96,12.6,12.53,12.8,12.68,12.6,13.24,11.97,20769000,14619900,15652920,14382272
KMX,"Carmax Inc",89.53,91.42,93.07,89.81,92.24,91.13,93.99,108.85,89,1075500,1083500,1130680,2165709
KO,"Coca-Cola Company",51.17,50.68,49.96,49.99,49.89,50.25,49.68,51.53,47.56,20182500,12517400,13434761,12952909
KR,"Kroger Company",33.05,32.64,33.31,33.33,34.04,33.33,33.88,34.97,32.07,9889700,4694200,6584160,6669491
KSU,"Kansas City Southern",182.34,182.3,180.86,182.08,180.72,181.86,182.28,188.61,176.53,945500,897800,1222100,832077
L,"Loews Corp",35.46,35.93,35.24,35.6,35.32,35.24,35.37,37.49,32.83,739000,775200,593840,649286
LB,"L Brands Inc",32.35,33.9,33.08,32.18,33.39,33.06,32.21,35.41,28.48,3842900,3442900,4527440,4515577
LBTYA,"Liberty Global Ord A",21.03,20.39,21.2,21.03,21.44,21.3,21.22,22.76,19.78,3061900,806400,1398300,1281595
LBTYK,"Liberty Global Ord C",20.8,20.15,20.86,20.77,21.18,21.05,20.85,22.4,19.39,3157500,1412900,2530320,2912396
LDOS,"Leidos Holdings Inc",84.88,85.81,85.61,84.56,86.78,86.13,88.83,94.42,84.52,746200,1041900,710980,748673
LEG,"Leggett & Platt Inc",44,44.18,44.22,43.81,44.78,44.26,43.29,46.13,40.37,544200,506800,578260,725741
LEN,"Lennar Corp",79.97,76.54,83.08,80.09,82.82,83.29,81.45,86.8,75.21,4498100,3160400,3093880,2592577
LH,"Laboratory Corp of America Holdings",204.57,205.26,204.61,203.16,201.43,205.21,192,207.03,176.49,609900,652100,710920,533777
LHX,"L3Harris Technologies Inc",170.1,169.6,170.69,169.81,173,171.21,174.31,183.87,168.4,979200,872600,935160,1045073
LIN,"Linde Plc",229.67,233.2,232.48,230.91,231.5,233.24,234.62,242.83,228,1466600,1360200,1441580,1749236
LKQ,"LKQ Corp",31.98,32.22,31.96,32.1,32,32.06,29.87,32.59,26.73,1877600,2569600,2067780,2284196
LLY,"Eli Lilly and Company",141.53,141.65,142.29,141.31,143.36,143.59,147.55,157.15,140.8,3056400,1983600,2661460,3454982
LMT,"Lockheed Martin Corp",367.5,368.96,372.21,367.14,382.59,372.21,382.9,396.61,365,1255000,1931100,1420440,1112200
LNC,"Lincoln National Corp",34.4,36.89,34.17,34.52,34.35,34.5,33.38,36.99,29.42,2381600,1454900,1652600,1941614
LNT,"Alliant Energy Corp",55.5,56.46,55,55.64,54.89,55.14,53.49,56.65,49.31,1256000,1526900,1319560,1277968
LOW,"Lowe's Companies",174.94,171.25,177.04,174.5,175.5,177.09,169.12,180.67,156.6,3266200,3431800,3651080,3232427
LRCX,"Lam Research Corp",360.36,358.01,363.08,366.62,366,363.57,350.28,381.96,314.02,2233000,1681000,1559520,1568464
LSTR,"Landstar System",135.98,131.43,128.65,127.29,127.37,128.29,128.85,136.79,120.92,481400,347700,316480,261577
LULU,"Lululemon Athletica",326.53,325.67,331.16,325.5,338.26,330.04,334.6,359.23,303.21,1846900,1623600,1396900,1625464
LUMN,Centurylink,9.66,9.68,9.57,9.66,9.7,9.62,9.97,10.44,9.52,12037899,8940100,9240000,7883518
LUV,"Southwest Airlines Company",40.13,41.93,40,39.84,40.5,40.16,38.76,42.55,35.82,13642300,6532500,8661140,8652231
LVS,"Las Vegas Sands",49.19,49.81,45.88,45.94,45.03,46.2,46.18,50.25,44.06,13417000,4001600,6784140,5226996
LW,"Lamb Weston Holdings Inc",71.73,72.88,72.02,71.34,72.34,71.89,69.72,75,62.13,1632100,1885600,1225500,1030850
LYB,"Lyondellbasell Industries NV",76.96,77.08,77.17,76.59,77.82,77.83,74.85,81.21,66.75,1412600,1285500,1309940,2054650
LYV,"Live Nation Entertainment",55.81,56.83,55.07,55.29,54.59,55.64,54.45,57.98,50.12,1569300,1195400,1499000,1541923
MA,"Mastercard Inc",333.37,333.6,332.49,333.42,333.04,331.72,338.66,355,321.18,2255800,2725200,2784880,2801964
MAA,"Mid-America Apartment Communities",118.18,118.65,117.65,117.9,118.56,118.21,119.96,126.51,111.22,448200,483600,487560,538323
MAR,"Marriot Int Cl A",96.1,100.82,95.53,95.15,95.3,96.09,96.27,102.09,90.27,3022900,1512100,2019820,2345664
MAS,"Masco Corp",56.22,55.44,56.11,56.11,56.3,56.18,56.05,58.54,53.93,1403400,1389800,1331180,1866827
MATX,"Matson Inc",49.77,51.07,50.65,49.66,50.09,50.84,45.2,52.94,36.78,129900,112300,120960,202027
MCD,"McDonald's Corp",227.76,229.15,227.23,228.19,226.74,227.45,224.01,231.91,213.59,1961200,1518200,1907100,2350800
MCHP,"Microchip Technology",110.51,112.52,111.36,110.48,112.21,111.23,107.57,116.56,95.53,1792300,1113700,1424600,1596545
MCK,"Mckesson Corp",152.84,154.23,152.73,152.62,153.89,153.04,150.56,158.92,144.58,602400,889500,788680,1008105
MCO,"Moody's Corp",277.13,272.72,284.9,277.16,284.98,285.39,286.92,298.18,271.2,968500,479400,612760,517650
MDLZ,"Mondelez Intl Inc",56.83,56.82,56.66,56.82,57.53,56.98,57.08,59.11,54.48,3528700,4117100,4318120,5372368
MDT,"Medtronic Inc",109.36,111.84,108.86,109.23,108.14,109.15,105.96,112.2,100.3,4306700,3566800,4698420,4208527
MELI,"Mercadolibre Inc",1293.67,1294.32,1333.43,1299.13,1297.99,1333.66,1169.19,1378.5,986.83,377300,708200,567260,483141
MET,"Metlife Inc",39.18,40.61,39.12,39.13,39.56,39.34,38.39,40.66,35.19,4915900,5834600,4610160,4912896
MGM,"MGM Resorts International",21.95,22.62,21.34,21.41,21.1,21.41,21.53,22.86,20.66,10076000,6674000,8040920,10062632
MHK,"Mohawk Industries",100.16,101.93,101.91,99.71,102.96,102.89,101.53,110,92.17,553700,438100,498420,495345
MKC,"Mccormick & Company Inc",195,194.63,195.89,195.34,197.8,195.94,194.71,203.33,183.22,277200,199400,297580,607268
MKTX,"Marketaxess Holdings",562.67,567.37,555.79,558.08,543.01,549.99,510.13,572.45,447.3,221600,176800,195040,196264
MLM,"Martin Marietta Materials",254.02,259.1,256.18,256.23,260.16,257.09,249.51,277.43,216.66,512400,320300,409400,695382
MMC,"Marsh & Mclennan Companies",112.3,113.38,112.61,112.3,113.79,112.47,114.27,117.56,110.71,1050400,1145800,1220080,1626182
MMM,"3M Company",169.64,170.71,170.34,169.17,170.5,170.95,165.16,173.19,156.25,1663100,1511100,1875240,1900841
MNST,"Monster Beverage Cp",80.42,80.56,79.87,80.09,80.5,80.2,80.15,84.46,76.88,1169400,1191300,2203420,2234500
MO,"Altria Group",38.63,38.99,38.49,38.51,39.47,38.7,39.23,41.26,37.59,4620100,5799700,5777420,6792459
MOS,"Mosaic Company",18.55,18.71,18.6,18.91,19.19,18.84,18.9,20.2,17.3,4184700,3733700,3863700,4086050
MPC,"Marathon Petroleum Corp",28.61,29.51,28.74,28.82,28.6,29.24,29.31,31.39,26.56,6249800,5732500,6326500,6474132
MRK,"Merck & Company",78.1,79.21,78.26,78.07,78.97,78.27,80.69,83.82,78.03,5797300,9245900,8287780,7947537
MRNA,"Moderna Inc",68.5,70.84,71.57,68.37,72.07,71.31,71.59,81.37,63.64,5202100,4614800,5376560,6928818
MRO,"Marathon Oil Corp",4.11,4.37,4.11,4.1,4.01,4.15,4.18,4.53,3.79,29819199,27318500,27744041,25589764
MS,"Morgan Stanley",50.42,51.77,51.49,50.38,51.56,51.47,49.17,52.27,45.86,13261600,18583100,14524500,15463995
MSCI,"MSCI Inc",350.38,347.63,360.45,350.01,361.74,358.57,353.55,370.59,341.29,451400,412300,367600,371536
MSFT,"Microsoft Corp",213.93,214.89,213.12,214.8,215.8,214.65,212.4,225.21,199.2,22317600,22724900,24295920,27321895
MSI,"Motorola Solutions",170.88,169.06,170.44,170.49,170.15,168.9,162.26,174.94,149.81,729400,529900,801500,857255
MTB,"M&T Bank Corp",99.4,104.68,99.18,99.03,99.61,99.42,97.24,105.46,88.48,1279600,1004200,841900,925464
MTD,"Mettler-Toledo International",1037.67,1063.23,1034.12,1031.94,1023.12,1030.61,1001.63,1068.44,947.03,115100,58500,77600,91727
MU,"Micron Technology",53.29,54.38,53.3,53.31,53.14,53.53,50.23,54.85,46.5,14814500,12922200,16696980,19628510
MXIM,"Maxim Integrated",72.88,73.55,72.69,73.48,72.65,72.79,70.2,74.87,63.74,1149800,2226100,1917100,2802450
MYL,"Mylan NV Ord Shs",15.21,15.6,15.08,15.14,15.66,15.31,15.14,16.08,14.02,3535800,3117800,3949620,4116391
NCLH,"Norwegian Cruise Ord",17.1,17.71,17,16.99,16.66,17.08,16.92,18.91,14.15,16642801,11362200,14059681,21726982
NDAQ,"Nasdaq Inc",133.17,130.09,130.47,132.37,127.51,128.99,125.44,134.04,118.01,602000,1105900,841400,844155
NEE,"Nextera Energy",299.62,302.27,298.9,297.68,301.22,300.99,292.41,308.06,267.14,2115600,1949000,1871220,1973209
NEM,"Newmont Mining Corp",60.82,60.54,61.67,61.48,61.89,61.19,62.11,64.33,59.28,5104400,5037200,4303880,4976459
NFLX,"Netflix Inc",494.69,485.23,501.03,489.05,528.14,525.42,514.19,572.49,467.82,6983900,17405699,9670300,6309527
NI,"NiSource Inc",23.59,24.04,23.48,23.58,23.59,23.6,22.62,24.11,21.28,3059800,2310900,2544500,3368995
NKE,"Nike Inc",129.6,130.02,128.5,129.43,128,128.49,127.75,131.38,122.27,2869700,4916300,4551580,7460604
NLOK,"Nortonlifelock Inc",20.77,20.65,20.59,20.81,20.79,20.69,20.93,21.92,20.15,4431600,5353500,4123760,4401614
NLSN,"Nielsen Holdings Plc",13.77,14.09,13.42,13.74,13.76,13.61,14,14.78,13.3,3153900,4215900,2799960,3246268
NOC,"Northrop Grumman Corp",309.26,302.99,308.04,308.37,313.74,309.05,316.08,337.33,302.99,1387700,829900,1034540,945245
NOV,National-Oilwell,9.02,9.31,9.03,9.01,8.89,9.14,9.11,10.84,8.13,4890000,4754100,5028160,5730018
NOW,"Servicenow Inc",511.7,505.96,518.68,510.28,523,518.19,499.46,533.37,453.7,857800,831200,887800,1016818
NRG,"NRG Energy",32.53,33.18,33.04,32.53,33.57,33.18,31.67,34.4,28.22,1666800,2015300,1927100,2132491
NSC,"Norfolk Southern Corp",213.11,213.13,214.5,212.56,214.3,215.87,215.71,222.82,208.17,1219400,1349000,1017100,1172591
NTAP,"Netapp Inc",46.91,46.7,47.3,46.8,48.22,47.25,44.92,48.94,40.46,1665900,1660500,1926980,1977027
NTES,"Netease Inc Ads",88.26,87.57,88.1,88.24,88.08,88.37,90.21,96.6,85.04,2086200,1497200,2052000,2127345
NTRS,"Northern Trust Corp",85.81,85.76,85.13,85.77,86.5,85.76,81.89,90.46,74.03,896600,1823100,990200,816891
NUE,"Nucor Corp",48.11,49.9,48.72,48.44,49.39,48.51,47.48,50.33,44.05,2056400,1866500,1921560,1763495
NVDA,"Nvidia Corp",540.9,534.44,545,540.99,543.34,545.82,540.25,573.94,480.56,7244300,5489900,6396420,11295854
NVR,"NVR Inc",4281.42,4135.03,4385,4244.75,4450,4399.77,4212.85,4530,3823.31,24900,21600,25240,18955
NWL,"Newell Rubbermaid Inc",17.61,17.87,17.56,17.55,17.97,17.68,17.53,18.31,16.56,1239600,1231600,1334640,1675673
NWS,"News Cp Cl B",13.86,13.87,13.68,13.86,13.8,13.8,14.05,14.8,13.54,253000,226000,275400,414009
NWSA,"News Cp Cl A",13.96,13.92,13.79,13.95,13.85,13.85,14.13,14.88,13.61,1233400,1391900,1278000,1900341
NXPI,"Nxp Semiconductors",136.06,134.89,137.93,135.86,137.67,135.21,131.58,145.15,117.25,1512800,1681800,1491220,2141818
O,"Realty Income Corp",59.55,60.09,59.01,59.68,59.15,59.1,61.26,64.61,58.36,1089300,1885800,2008800,2101327
ODFL,"Old Dominion Freight Line Inc",197.14,196.16,199.19,196.28,198.48,199.12,192.43,205.11,179.82,586200,587500,544720,727550
OKE,"Oneok Inc",28.6,30.67,28.63,28.43,28.8,28.92,27.68,30.8,23.28,5223300,3035200,3965820,4300313
OMC,"Omnicom Group Inc",51.8,51.58,51.29,51.5,51.45,51.15,51.19,53.89,48,2132600,2136400,1809320,1813223
ORCL,"Oracle Corp",59.44,59.69,59.34,59.67,59.92,59.75,60,61.83,58.29,8900601,10114800,8527740,8567750
ORLY,"O'Reilly Automotive",464.51,457.13,469.02,466,467.19,469.42,457.63,475.38,437.35,449000,351400,432480,455882
OTIS,"Otis Worldwide Corp [Otis/I]",63.99,63.24,64.25,63.72,64.68,64.39,63.76,66,60.2,4980300,1082600,1748180,1645250
OXY,"Occidental Petroleum Corp",9.7,10.17,9.86,9.66,9.92,10.07,10.29,11.34,9.23,25194100,22783301,21339359,23674035
PAYC,"Paycom Software Inc",377.03,377.33,396,376.07,383.14,384.68,342.84,397.51,265.71,336600,389200,315760,472232
PAYX,"Paychex Inc",82.7,83.99,82.34,82.62,82.41,82.28,80.96,84.74,75.08,1168200,1187300,1218920,1674291
PBCT,"People's United Finl",10.58,11.33,10.52,10.56,10.51,10.52,10.5,11.35,9.73,7784000,2663300,3905640,3739386
PCAR,"Paccar Inc",92.02,91.69,90.09,90.91,91.38,90.34,87.73,92.48,80.41,1730000,2538600,2542460,1590646
PDD,"Pinduoduo Inc ADR",90,87.77,90.26,90.23,85.44,89.07,79,93.19,69.89,5894800,6400400,5781840,6793186
PEAK,"Healthpeak Properties Inc",27.39,28.47,27.04,27.41,26.83,27.09,27.59,29.3,25.51,3721100,3579300,3637580,3130173
PEG,"Public Service Enterprise Group Inc",59.67,60.87,59.78,59.52,59.78,59.89,56.87,60.89,51.66,1571400,2199200,1956480,2140350
PEP,"Pepsico Inc",139.8,139.61,139.68,139.6,141,139.71,138.44,144.11,129.85,2908000,2560000,3303800,4513468
PFE,"Pfizer Inc",37.08,37.43,37.35,37.08,37.87,37.49,36.72,38.85,35.52,18235500,18012199,25714340,20550531
PG,"Procter & Gamble Company",141.49,141.45,142.49,143.25,145.61,142.48,140.76,145.87,135.71,4502700,5649600,6194560,5733937
PGR,"Progressive Corp",93.35,94.39,94.85,93.6,96.42,94.59,95.71,102.05,90.89,1918200,2098500,2045360,2042282
PH,"Parker-Hannifin Corp",223.27,225.35,223.57,222.39,222.37,223.57,212.34,226.77,192.25,522500,620400,823140,691959
PHM,Pultegroup,44.11,42.64,46.88,45.24,46.88,46.98,46.73,49.7,42.07,6129300,4187700,3840200,2520623
PKG,"Packaging Corp of America",117.59,118.19,116.82,117.71,118.4,116.53,112.71,120.71,102.76,283100,444400,441400,540923
PKI,Perkinelmer,124.1,125.2,123.65,123.38,123.1,123.35,124.27,134.39,116.27,846600,548400,757540,869945
PLD,"Prologis Inc",102.93,102.8,102.91,102.65,104.93,103.53,102.92,109.11,94.76,1639800,1922200,1889800,2247491
PM,"Philip Morris International Inc",74.76,74.86,73.93,73.82,77.75,73.33,76.58,79.89,73.3,4732900,7273500,5823460,4463937
PNC,"PNC Bank",110.87,115.32,112.02,110.64,110.98,112.06,110.92,117.22,101.58,1824800,1281600,1772980,1964582
PNR,"Pentair Ltd",51.2,51.68,51.61,51.18,50.74,51.25,47.95,52.87,44.07,1073400,1343400,1389000,1098818
PNW,"Pinnacle West Capital Corp",83.66,85.73,82.29,83.69,82.27,82.33,79.11,85.91,70.4,1137500,1025600,794220,869527
POOL,"Pool Corp",365.99,350.26,358.89,355.97,353.64,355.63,338.49,371.17,304.43,511400,411700,352560,732841
PPG,"PPG Industries",134.65,133.7,134.97,134.03,135.56,134.63,128.72,138.4,116.95,1128100,1208200,1358460,1414318
PPL,"PPL Corp",27.83,28.43,27.99,27.9,27.95,28.07,27.92,29.34,25.47,3912200,4018900,3811500,3800073
PRGO,"Perrigo Company",45.07,45.48,45.94,44.85,46.09,46.16,45.64,47.74,44.28,981900,785500,783980,721395
PRU,"Prudential Financial Inc",65.81,67.92,65.99,66.14,66.54,66.22,65.41,69.39,60.16,1422300,1527600,1405340,2075514
PSA,"Public Storage",232.79,235.11,233.05,233.01,232.17,233.12,228.54,237.5,212.48,439000,670900,821080,716105
PSX,"Phillips 66",48.68,50.01,48.88,48.72,49.37,49.59,51.69,55.82,47.55,3408500,3798300,3460280,3032118
PVH,"Phillips-Van Heusen Corp",61.62,64.98,61.29,61.42,62.56,61.59,62.65,68.48,58.34,912100,848300,978520,1078918
PWR,"Quanta Services",61.7,61.12,62.26,61.57,62.04,63.04,57.55,64.14,50.08,1146900,1651800,1394900,1332200
PXD,"Pioneer Natural Resources Company",78.47,83,82.5,78.44,82.75,83.53,87.11,92.96,76.58,5712800,4633400,3516560,1819373
PYPL,"Paypal Holdings",211.9,203.93,208.3,213.07,201.14,201.96,197.11,215.83,179.6,12384800,17247100,10146020,7791586
QCOM,"Qualcomm Inc",129.51,128.38,128.04,128.55,129.18,128.3,122.33,132.42,109.24,3894700,4343900,5008920,7029623
QRVO,"Qorvo Inc",135.42,135,135.8,135.26,135.62,135.65,132.9,140.69,123.08,599700,799800,757840,1044986
R,"Ryder System",50.27,51.3,50.46,49.98,49.7,50.31,46.19,51.65,40.32,299800,475100,377920,436282
RCL,"Royal Caribbean Cruises Ltd",61.1,63.39,61.56,60.69,60.8,61.79,63.9,72.11,57.85,6300500,3869200,5804420,7178563
RE,"Everest Re Group",205.76,207.04,200.96,205.47,199.69,199.84,201.09,207.76,193.02,263200,298100,203400,239259
REG,"Regency Centers Corp",37.16,38.18,37.31,37.14,37.41,37.5,38.44,40.93,35.99,684900,520700,654360,882755
REGN,"Regeneron Pharmaceuticals",566.04,575.73,577.53,572.4,582,576.63,582.66,619.97,551,467000,493900,709180,1187695
RF,"Regions Financial Corp",12.82,13.8,12.95,12.79,12.75,12.94,12.2,13.82,10.6,15865200,9093200,10868141,8461178
RHI,"Robert Half International Inc",55.63,56.32,56.19,55.32,56.01,56.3,55.27,58.98,50.77,1861800,837500,1023000,785550
RJF,"Raymond James Financial",78.51,80.45,78.75,78.6,79.46,78.81,75.91,80.57,67.66,495500,462400,433260,574482
RL,"Ralph Lauren Corp",75.43,77.11,73.24,75.01,75.2,73.51,72.27,77.48,66.85,1070800,755900,859500,1192823
RMD,"Resmed Inc",179.13,182.82,179.79,179.13,179.75,179.43,174.14,183.55,165.92,403200,285200,393460,490232
ROK,"Rockwell Automation Inc",237.82,239.33,240.54,236.82,245.67,240.98,233.09,251.95,210.74,594800,730100,605520,564555
ROL,"Rollins Inc",59.37,59.45,59.9,59.21,59.44,59.75,56.67,60.72,52.12,878500,654400,891480,890905
ROP,"Roper Industries",421.73,427.52,422.66,421.46,426.16,422.87,410.01,438.32,380.07,408500,361900,483120,466109
ROST,"Ross Stores Inc",92.06,93.16,92.04,92.17,91.96,92.18,93.98,99.86,85.12,1889400,1624300,2257620,1702764
RSG,"Republic Services",91.67,91.77,92.03,91.67,92.71,92.28,93.12,95.58,91.13,675900,766600,730760,997750
RTX,"Raytheon Technologies Corp",60.23,62.8,60.42,60.35,61.98,61.24,59.57,62.97,56.34,6984800,5647100,6850760,6760914
SBAC,"SBA Communications",308.19,294.01,304.35,307.27,309.01,306.61,311.25,322.57,293.68,955300,324000,452540,528909
SBUX,"Starbucks Corp",88.02,89.36,88.38,88.27,88.68,88.51,87.51,91.1,81.92,4256900,4119200,4693540,5748259
SCHW,"The Charles Schwab Corp",38.92,40.13,39.13,38.93,39.19,39.13,37.44,40.26,33.96,10093700,7673000,10822520,15661368
SEE,"Sealed Air Corp",40.96,41.16,41.24,41.08,41.81,41.04,40.46,43.37,36.27,679200,780400,1326140,1234095
SGEN,"Seattle Genetics Inc",198.42,200.66,198.23,197.71,197.85,198.02,197.34,213.94,174.48,617200,402800,599020,816755
SHW,"Sherwin-Williams Company",676.24,678,675,674.07,687.5,674.93,690.28,715.34,668.97,286600,511000,410200,438182
SIRI,"Sirius XM Holdings",6.01,5.99,5.83,5.86,5.82,5.8,5.63,6.03,4.95,31408299,32505000,26708480,26960186
SIVB,"Svb Financial Group",277.96,285.06,274.07,277.4,274.51,275.95,258.17,289.26,221.55,705700,187900,305080,284523
SJM,"J.M. Smucker Company",114.5,115.63,113.49,114.4,115.81,114.12,115.85,120.93,108.15,692200,1162300,809480,668686
SLB,"Schlumberger N.V.",15.06,15.3,15.36,15.01,15.24,15.49,15.8,17.62,14.52,15936000,18537500,22686320,15923168
SLG,"SL Green Realty Corp",47.03,46.72,46.14,46.08,46.3,46.47,47.83,53.42,42.67,1295200,1311600,1165720,1194773
SNA,"Snap-On Inc",167.45,169.45,154.89,155.27,156.39,154.93,152.79,169.99,138.94,1903000,636200,812700,479509
SNPS,"Synopsys Inc",228.41,225.17,225.83,227.45,225.95,226.4,218.64,232.74,196.46,632700,658300,562740,628214
SO,"Southern Company",58.85,60.56,58.22,58.87,58.26,58.6,56.81,60.62,52.01,4962600,3900500,3895720,3922341
SPG,"Simon Property Group",64.01,66.35,64.12,64.21,64.89,64.46,66.11,72.63,59.6,2899100,3137900,3294080,3806286
SPGI,"S&P Global Inc",337.58,337.25,342.51,337.91,340.33,340.15,352.16,368.14,334.31,1001900,691000,913320,777459
SPLK,"Splunk Inc",214.94,219.46,210,211.67,209.49,211.55,200.52,222.19,173.03,2995600,3390000,2355440,1778423
SRE,"Sempra Energy",129.63,132.28,129.78,129.3,129.01,129.68,123.39,132.49,112.33,1135000,1199900,1238760,1201923
STE,"Steris Corp",186.59,188.19,186.23,185.95,186.87,186.34,180.8,192.97,164.19,216300,181100,204080,388209
STT,"State Street Corp",64.24,65.6,64.25,64,65,64.58,62.76,67.75,56.63,1696500,1831700,2204540,1949391
STX,"Seagate Tech Ord Shs",51.3,51.79,52.05,51.69,52.49,51.89,50.24,53,46.89,3944100,3478100,3143900,2594196
STZ,"Constellation Brands Inc",179.07,178.4,180,179.64,182.5,180.33,183.64,191,177.7,1035100,619300,813500,1028259
SWK,"Stanley Black & Decker Inc",176.31,178.01,175.21,174.39,175.58,175.7,169.8,180.26,155,1159600,754000,894260,925414
SWKS,"Skyworks Solutions",150.91,149.73,152.62,150.39,152.66,152.45,148.56,158.61,131.94,903400,858600,1003220,1550568
SYF,"Synchrony Financial",27.25,27.96,27.52,26.86,28.06,27.61,27.49,29.99,24.2,5008400,6723700,6480340,4769354
SYK,"Stryker Corp",221.46,224.64,221.59,220.9,222.13,220.8,214.92,227.39,196.75,971000,607600,753180,926527
SYY,"Sysco Corp",64.08,65.21,64.54,63.8,65.2,64.58,64.33,69.27,58.94,1793000,1495600,1961700,2274205
T,"AT&T Inc",27.83,28.28,26.77,26.72,26.99,26.76,28.01,29.16,26.54,89399695,47749098,52038520,40455090
TAP,"Molson Coors Brewing Company",34.58,35.3,34.41,34.59,35.06,34.7,34.61,37.06,32.11,1481700,1864000,1560720,2409709
TCOM,"Trip.com Group Ltd",30.02,30.74,30.12,30.04,30.22,30.08,30.74,33.23,27.32,3492800,3458300,3017520,3910423
TDG,"Transdigm Group Inc",484.49,493.07,491.8,482.91,490,493.39,486.15,511.44,467.91,220200,307600,344160,376650
TDY,"Teledyne Technologies Inc",330.36,336.84,340,328.6,336.56,339.46,320.69,344.85,301.76,152600,302000,216360,172791
TEL,"Te Connectivity Ltd",106.46,106.29,106.07,105.9,107.29,106.02,102.35,109.27,90.88,2237600,1416700,1679260,1547041
TER,"Teradyne Inc",92.75,90.94,88,92.07,87.68,87.94,83.35,93.17,74.71,2175500,3533700,2205680,1637000
TFC,"Truist Financial Corp",41.8,43.45,41.72,41.9,42.02,42.09,40.44,43.62,34.86,3894100,5700300,4435640,5415300
TFX,"Teleflex Inc",359.07,368.22,361.78,359.06,363.19,361.8,350.05,372.62,324.89,179700,165200,215640,198932
TGT,"Target Corp",163.07,159.6,165.75,163.29,164.95,164.87,160.38,167.42,150.1,3646800,3033800,3350180,2821750
TIF,"Tiffany & Company",123.09,122.65,122.69,122.8,122.5,122.28,118.57,123.58,115.14,792700,938500,1078580,1036218
TJX,"TJX Companies",55.17,56.02,54.95,54.98,55.45,54.93,56.18,59.16,51.8,3190000,4170900,4951180,5187700
TMO,"Thermo Fisher Scientific Inc",471.69,481.99,475,468.76,461.27,465.26,450.8,485,412.8,1454600,2212900,1413880,1131104
TMUS,"T-Mobile US",112.77,111.64,112.67,112.42,113.9,113.07,114.34,123.42,108.15,3603200,3029600,3235580,4014332
TPR,"Tapestry Inc",20.6,21.85,20.48,20.48,20.26,20.48,18.06,21.91,15.23,6915500,6496100,5962040,5401305
TRV,"The Travelers Companies Inc",123.32,126.14,118.5,125,115.58,118.11,112.86,126.86,105.67,2266800,2965200,2073080,1565218
TSCO,"Tractor Supply Company",142.09,137.02,150.18,149.12,151.63,149.7,145.69,157.07,136.1,4412200,1243000,2063540,1367073
TSLA,"Tesla Inc",441.92,425.79,422.7,422.64,431.75,421.94,426.04,465.9,351.3,39730902,32370400,34564219,48425363
TSN,"Tyson Foods",58.92,59.44,57.62,59.17,58.86,57.86,58.88,61.33,56.27,2100500,3395000,2104920,2345804
TT,"Trane Technologies Plc",129.49,130.46,128.42,128.87,128.59,128.73,126.17,132.26,117.13,694100,1048300,921700,920859
TTWO,"Take-Two Interacti",164.28,163.29,165.75,164.55,166.7,164.44,164.72,172,157.82,1386800,782600,1244360,1082982
TWTR,"Twitter Inc",50,50.28,48.97,50.24,45.55,46.35,46.13,50.53,42.59,18275600,30719602,16276820,17906996
TXN,"Texas Instruments",146.82,148.22,149.1,146.13,151.79,150.83,146.36,155.88,134.12,3167000,6700500,4522500,3873314
TXT,"Textron Inc",34.55,34.86,34.7,34.53,35.87,34.98,35.86,37.66,33.76,788600,947500,950160,1112136
TYL,"Tyler Technologies",396.63,399.01,397.98,396.88,396.26,396.25,372.53,404.23,331.14,327300,156600,181360,203805
UA,"Under Armour Inc Cl C",12.19,12.43,11.85,12.11,11.69,11.78,10.77,12.45,9.39,4503400,4035500,4185000,3541518
UAA,"Under Armour",14.05,14.18,13.6,13.94,13.37,13.47,12.33,14.2,10.75,6294600,9057101,7490420,6523868
UAL,"United Airlines Holdings Inc",35.9,37.24,35.91,35.54,36.16,36.06,35.36,37.8,31.22,24690400,16092601,22533080,24000172
UDR,"United Dominion Realty Trust",32.44,32.78,32.32,32.42,32.47,32.32,33.62,35.97,31.61,1660500,1517000,1780920,2007486
UHS,"Universal Health Services",112.46,112.13,112.14,111.88,111.12,112.72,109.01,120.01,99.47,471700,353800,399600,560068
ULTA,"Ulta Beauty Inc",233.87,236,233.14,232.85,237.09,232.73,230.6,245.69,212.06,653400,633500,670860,723009
UNH,"Unitedhealth Group Inc",322.32,325.73,323.41,322.79,326.62,323.41,316.88,333.7,289.64,2099900,2139000,2400620,2613595
UNM,"Unumprovident Corp",18.72,19.64,18.64,18.77,18.76,18.68,18.03,19.68,15.79,1972600,2499800,2000340,1942982
UNP,"Union Pacific Corp",193.99,187.14,200.05,199.48,206.55,206.78,200.87,210.95,185.83,7578600,4141200,3745960,2714455
UPS,"United Parcel Service",174.36,172.99,176.43,172.73,173.14,174.88,170.75,178.01,157.99,3897300,4428700,3489080,3564236
URI,"United Rentals",186.54,185.4,188.44,186.87,189.6,189.32,185.47,203.57,159.01,686400,551900,657940,826018
USB,"U.S. Bancorp",38.77,40.48,39.01,38.82,39.31,39.21,37.69,40.55,34.17,6358000,4911800,5746460,6246073
V,"Visa Inc",199.34,197.99,197.83,198.43,197.55,197.7,200.57,207.97,193.13,4907900,6067200,6448480,6457632
VAR,"Varian Medical Systems",172,171.73,171.93,171.86,171.8,171.8,171.87,172.8,170.95,760100,739300,877240,1139768
VFC,"V.F. Corp",73.09,73.96,72.68,72.75,72.35,72.37,73.74,79,66.95,2939800,2440100,3146120,2160386
VIAC,"Viacomcbs Inc Cl B",28.7,29.1,27.46,28.47,27.42,27.46,28.42,30.19,26.99,9178899,9283000,10136939,9336045
VLO,"Valero Energy Corp",40.17,41.28,40.27,40.54,39.75,40.7,42.32,47.45,38.42,6560200,5592100,5375980,4984764
VMC,"Vulcan Materials Company",144.13,144.83,144.56,144.7,146.92,145.45,141.29,153.88,125.6,513300,607800,645200,952355
VNO,"Vornado Realty Trust",32.22,33.7,32.57,32.14,33.13,32.83,34.2,37.18,31.36,2343900,1548800,1922280,1534291
VRSK,"Verisk Analytics Inc",189.82,188.88,189.23,189.18,189.57,190.36,186.08,195.1,175.37,364900,510200,422360,559495
VRSN,"Verisign Inc",206.02,207.86,204.46,205.56,204.06,203.96,206.13,218.02,198.96,649000,512500,459040,484368
VRTX,"Vertex Pharmaceutic",210.37,210.08,215.88,211.38,222,214.54,253.9,280.99,208.23,2380300,2775600,3565560,2400668
VTR,"Ventas Inc",41.38,42.86,41.32,41.15,41.66,41.67,42.94,45.45,39.14,2040300,2811000,2599880,2349641
VZ,"Verizon Communications Inc",56.93,57.33,57.11,56.75,57.54,57.25,58.8,60.14,56.51,16635600,21498199,17254279,14551240
WAB,"Wabtec Corp",62.4,62.42,62.98,62.1,62.79,63.16,62.82,66.05,59.28,1173400,828700,855020,956691
WAT,"Waters Corp",215.6,221.98,214.46,214.9,211.44,213.08,202.73,222.64,187.31,366000,436200,356320,343177
WBA,"Walgreens Boots Alliance",37.53,37.51,37.37,37.39,37.15,37.49,36.38,38.22,34.52,4081500,3708500,5450540,6409687
WDAY,"Workday Inc",224.43,220.85,225.91,224.31,230.79,224.43,222.21,236.84,204.16,637300,1349300,1274740,1549259
WDC,"Western Digital Cp",42.09,42.94,41.78,42.06,40.9,41.41,38.46,43.77,35.29,6096700,6871200,10995660,7193377
WEC,"Wisconsin Energy Corp",100.87,101.8,100.83,101.09,100.87,100.63,98.48,102.11,92.76,741400,935700,1089660,1028791
WELL,"Welltower Inc",53.58,55.25,53.71,53.71,53.49,54.09,54.92,58.57,51.22,4269100,2102800,2570300,2612155
WFC,"Wells Fargo & Company",22.66,23.25,22.82,22.7,22.73,22.81,23.76,25.74,22.51,32035600,29528299,35375980,37201805
WHR,"Whirlpool Corp",203.76,193.8,201.35,196.83,201.9,199.93,192.11,207.3,173.63,2620500,1061700,1142160,811232
WLTW,"Willis Towers WT",209.21,209.56,208.85,209.37,214.83,209.4,209.72,219.3,194.71,442600,360600,586800,824845
WM,"Waste Management",114.28,115.77,113.9,114.17,114.75,114.31,114.16,117.6,110.25,1324300,1007900,1306340,1300986
WMB,"Williams Companies",19.26,20.31,19.64,19.3,19.46,19.69,19.63,20.97,18.31,7531800,8004900,7942360,9221859
WMT,"Wal-Mart Stores",144.19,143.55,143.84,144.4,144.11,143.9,141.53,146.6,135.07,4447300,4371400,4838040,6922445
WRB,"W.R. Berkley Corp",65.08,66.01,63.48,65.11,61.87,63.22,62.07,66.32,58.84,864200,1253500,862900,611373
WRK,"Westrock Company",40.25,40.4,40.01,40.32,41.42,40.12,37.18,42.04,32.01,1603900,4034200,3357700,2966773
WST,"West Pharmaceutical Services",285.05,279.41,287.2,284.42,286.85,286.98,283.72,303.14,261.05,539600,336000,376920,421436
WU,"Western Union Company",21.74,22.23,21.68,21.71,21.84,21.66,21.8,22.65,21.05,2835600,2995400,2721800,3180300
WY,"Weyerhaeuser Company",29.88,29.11,30.08,29.86,29.68,30.11,28.99,30.54,26.51,4677100,4301100,4036620,3645273
WYNN,"Wynn Resorts Ltd",75.23,76.43,72.01,72.85,70.16,72.44,72.67,77.74,68.79,4011400,2532100,3382080,3526359
XEL,"XCEL Energy Inc",71.55,71.41,71.53,71.53,72.04,71.53,70.95,74.41,65.81,2035200,1842700,2493940,2209273
XLNX,"Xilinx Inc",113.01,113.04,114.94,111.3,116.09,114.73,109.3,123.78,96.71,3089100,3781600,3275560,3178695
XOM,"Exxon Mobil Corp",33.18,34.86,33.51,33.16,33.66,33.7,34.12,35.95,32.21,31782600,28619301,25945020,25649359
XRAY,"Dentsply Sirona Inc",47,48.34,44.71,45.67,45.11,44.71,44.65,50.44,41.52,2428600,910000,1071960,871218
XRX,"Xerox Corp",19.58,19.89,19.58,19.54,19.96,19.61,19.35,20.62,17.35,1454500,2132100,1975180,2213086
XYL,"Xylem Inc",91.13,90.86,91.48,90.77,91.2,91.48,87.57,93.14,80.95,1261300,883700,1041920,802841
YUM,"Yum! Brands",99.66,99.85,97.29,99.07,97.87,97.28,94.74,100.75,89.12,1336800,1060500,1375900,1461682
ZBH,"Zimmer Biomet Holdings",142.56,143.05,141.23,141.82,143.37,141.9,141.22,150.09,129.15,1047400,510800,785980,866068
ZBRA,"Zebra Technologies",293.8,300.91,295.29,291.86,293.24,294.83,274.72,301.33,247.31,321600,233000,266360,295809
ZION,"Zions Bancorp",30.25,32.25,30.33,30.06,31.58,30.52,30.34,32.5,27.55,2436600,1875800,2055560,1629050
ZM,"Zoom Video Communications Cl A",521.78,520.54,535.88,513.19,572.33,537.02,500.9,588.84,457.69,8088900,9215399,11668260,11383796
ZTS,"Zoetis Inc Cl A",161.37,162.38,159.5,161.18,160.28,159.69,162.53,168.96,156.53,878700,1456700,1476620,1625127
"Downloaded from Barchart.com as of 10-22-2020 06:54pm CDT"
